{
  "accuracy": 0.9744,
  "precision": 0.972635,
  "recall": 0.976267,
  "f1_score": 0.974448,
  "auc_roc": 0.995807,
  "threshold": 0.5,
  "test_size": 7500,
  "timestamp": "2026-05-03T02:12:52.408427+00:00",
  "dataset_sha256": "3ef4f488d4d56b532e59dd61a8bfe233dde850a370036de0ed2e75e8bf47b5b5"
}