{
  "accuracy": 0.933981,
  "precision": 0.953166,
  "recall": 0.917011,
  "f1_score": 0.934739,
  "auc_roc": 0.982536,
  "threshold": 0.5,
  "test_size": 8437,
  "timestamp": "2026-06-30T03:10:19.572194+00:00",
  "dataset_sha256": "7468df53fd700cfbbb439ceea305de2b99f681416d3f8de3d6fd84161e3e4c66"
}